circuit_id,backend,oracle_candidate,oracle_fidelity,esp_candidate,esp_fidelity,pairwise_candidate,pairwise_fidelity,blended_candidate,blended_fidelity,alpha,training_accuracy,training_regret,esp_correct,pairwise_correct,blended_correct,esp_regret,pairwise_regret,blended_regret
0,Fez,33.0,0.9538413348759488,66.0,0.9462025377537154,66.0,0.9462025377537154,66.0,0.9462025377537154,0.0,0.7777777777777778,0.0026738343000945073,False,False,False,0.007638797122233365,0.007638797122233365,0.007638797122233365
0,Sherbrooke,22.0,0.9232503205677411,22.0,0.9232503205677411,22.0,0.9232503205677411,22.0,0.9232503205677411,0.0,0.7777777777777778,0.0026738343000945073,True,True,True,0.0,0.0,0.0
0,Torino,33.0,0.9414459570286255,22.0,0.8521224612892113,33.0,0.9414459570286255,22.0,0.8521224612892113,0.0,0.7777777777777778,0.0026738343000945073,False,True,False,0.08932349573941423,0.0,0.08932349573941423
1,Fez,22.0,0.9805199927719408,22.0,0.9805199927719408,22.0,0.9805199927719408,22.0,0.9805199927719408,0.25,0.7037037037037037,0.003194414136584788,True,True,True,0.0,0.0,0.0
1,Sherbrooke,55.0,0.9599030444985416,55.0,0.9599030444985416,33.0,0.9359787974437768,55.0,0.9599030444985416,0.25,0.7037037037037037,0.003194414136584788,True,False,True,0.0,0.023924247054764813,0.0
1,Torino,11.0,0.956964392166434,11.0,0.956964392166434,11.0,0.956964392166434,11.0,0.956964392166434,0.25,0.7037037037037037,0.003194414136584788,True,True,True,0.0,0.0,0.0
2,Fez,33.0,0.972817880052882,33.0,0.972817880052882,33.0,0.972817880052882,33.0,0.972817880052882,0.2,0.7037037037037037,0.003194414136584788,True,True,True,0.0,0.0,0.0
2,Sherbrooke,66.0,0.9244810682746312,66.0,0.9244810682746312,66.0,0.9244810682746312,66.0,0.9244810682746312,0.2,0.7037037037037037,0.003194414136584788,True,True,True,0.0,0.0,0.0
2,Torino,44.0,0.9347171283527056,44.0,0.9347171283527056,44.0,0.9347171283527056,44.0,0.9347171283527056,0.2,0.7037037037037037,0.003194414136584788,True,True,True,0.0,0.0,0.0
3,Fez,33.0,0.9638590631601194,66.0,0.9605721285406752,66.0,0.9605721285406752,66.0,0.9605721285406752,0.0,0.7777777777777778,0.0052552139706355935,False,False,False,0.0032869346194441817,0.0032869346194441817,0.0032869346194441817
3,Sherbrooke,11.0,0.9426893765986384,11.0,0.9426893765986384,11.0,0.9426893765986384,11.0,0.9426893765986384,0.0,0.7777777777777778,0.0052552139706355935,True,True,True,0.0,0.0,0.0
3,Torino,55.0,0.9213161634984032,22.0,0.8973380563608091,22.0,0.8973380563608091,22.0,0.8973380563608091,0.0,0.7777777777777778,0.0052552139706355935,False,False,False,0.023978107137594074,0.023978107137594074,0.023978107137594074
4,Fez,66.0,0.9658538323807756,66.0,0.9658538323807756,66.0,0.9658538323807756,66.0,0.9658538323807756,0.2,0.7037037037037037,0.003194414136584788,True,True,True,0.0,0.0,0.0
4,Sherbrooke,66.0,0.952322813506386,66.0,0.952322813506386,66.0,0.952322813506386,66.0,0.952322813506386,0.2,0.7037037037037037,0.003194414136584788,True,True,True,0.0,0.0,0.0
4,Torino,66.0,0.9594788228193378,66.0,0.9594788228193378,66.0,0.9594788228193378,66.0,0.9594788228193378,0.2,0.7037037037037037,0.003194414136584788,True,True,True,0.0,0.0,0.0
5,Fez,11.0,0.9479073607452966,11.0,0.9479073607452966,66.0,0.9414905022822924,66.0,0.9414905022822924,0.65,0.7407407407407407,0.002912898894359125,True,False,False,0.0,0.006416858463004216,0.006416858463004216
5,Sherbrooke,55.0,0.8750298871451679,55.0,0.8750298871451679,55.0,0.8750298871451679,55.0,0.8750298871451679,0.65,0.7407407407407407,0.002912898894359125,True,True,True,0.0,0.0,0.0
5,Torino,11.0,0.8580872628573238,33.0,0.8329690387394636,33.0,0.8329690387394636,33.0,0.8329690387394636,0.65,0.7407407407407407,0.002912898894359125,False,False,False,0.025118224117860244,0.025118224117860244,0.025118224117860244
6,Fez,55.0,0.9595565926806296,33.0,0.9539926681618928,55.0,0.9595565926806296,33.0,0.9539926681618928,0.2,0.7777777777777778,0.002759564340546731,False,True,False,0.005563924518736885,0.0,0.005563924518736885
6,Sherbrooke,44.0,0.917599769974187,44.0,0.917599769974187,44.0,0.917599769974187,44.0,0.917599769974187,0.2,0.7777777777777778,0.002759564340546731,True,True,True,0.0,0.0,0.0
6,Torino,44.0,0.9301986546310956,55.0,0.924021634656805,55.0,0.924021634656805,55.0,0.924021634656805,0.2,0.7777777777777778,0.002759564340546731,False,False,False,0.006177019974290654,0.006177019974290654,0.006177019974290654
7,Fez,55.0,0.9420519369949352,55.0,0.9420519369949352,55.0,0.9420519369949352,55.0,0.9420519369949352,0.25,0.7037037037037037,0.003194414136584788,True,True,True,0.0,0.0,0.0
7,Sherbrooke,55.0,0.8799701650789505,55.0,0.8799701650789505,55.0,0.8799701650789505,55.0,0.8799701650789505,0.25,0.7037037037037037,0.003194414136584788,True,True,True,0.0,0.0,0.0
7,Torino,11.0,0.9416503353488866,11.0,0.9416503353488866,11.0,0.9416503353488866,11.0,0.9416503353488866,0.25,0.7037037037037037,0.003194414136584788,True,True,True,0.0,0.0,0.0
8,Fez,55.0,0.9801000964564206,55.0,0.9801000964564206,55.0,0.9801000964564206,55.0,0.9801000964564206,0.0,0.7407407407407407,0.005966166786280504,True,True,True,0.0,0.0,0.0
8,Sherbrooke,55.0,0.9716193376438385,11.0,0.9635500219092128,11.0,0.9635500219092128,11.0,0.9635500219092128,0.0,0.7407407407407407,0.005966166786280504,False,False,False,0.00806931573462566,0.00806931573462566,0.00806931573462566
8,Torino,11.0,0.9666877895399832,11.0,0.9666877895399832,66.0,0.9605690527850428,11.0,0.9666877895399832,0.0,0.7407407407407407,0.005966166786280504,True,False,True,0.0,0.006118736754940457,0.0
9,Fez,22.0,0.9966328211878628,22.0,0.9966328211878628,22.0,0.9966328211878628,22.0,0.9966328211878628,0.55,0.5925925925925926,0.004659760395840048,True,True,True,0.0,0.0,0.0
9,Sherbrooke,11.0,0.9922833675122966,11.0,0.9922833675122966,11.0,0.9922833675122966,11.0,0.9922833675122966,0.55,0.5925925925925926,0.004659760395840048,True,True,True,0.0,0.0,0.0
9,Torino,55.0,0.986690423481418,55.0,0.986690423481418,55.0,0.986690423481418,55.0,0.986690423481418,0.55,0.5925925925925926,0.004659760395840048,True,True,True,0.0,0.0,0.0
