circuit_id,backend,oracle_seed,oracle_fidelity,esp_seed,esp_score,esp_actual_fidelity,esp_correct,fidelity_regret
0,Fez,66,0.9359463176156276,66,0.7408574733872736,0.9359463176156276,True,0.0
0,Sherbrooke,55,0.9198475263123178,55,0.6096735626489015,0.9198475263123178,True,0.0
0,Torino,22,0.9233959308745522,44,0.6318972729495966,0.8823515343437257,False,0.04104439653082648
1,Fez,33,0.9698041280593492,44,0.8861201708532344,0.9616506261691504,False,0.008153501890198811
1,Sherbrooke,22,0.9503624294232068,22,0.7605413879263131,0.9503624294232068,True,0.0
1,Torino,55,0.9574589379408264,11,0.7972360605075313,0.9485859833585714,False,0.00887295458225501
2,Fez,55,0.963567477648656,55,0.7954819187636238,0.963567477648656,True,0.0
2,Sherbrooke,55,0.9424481117722924,55,0.5907946627492296,0.9424481117722924,True,0.0
2,Torino,22,0.945102255253165,22,0.6294045050367678,0.945102255253165,True,0.0
3,Fez,66,0.952450083921632,66,0.8194455219414564,0.952450083921632,True,0.0
3,Sherbrooke,22,0.9063249593723404,22,0.6476383231127592,0.9063249593723404,True,0.0
3,Torino,44,0.9343115258512026,44,0.7165470583609558,0.9343115258512026,True,0.0
4,Fez,55,0.9776877676856144,55,0.8519582903192859,0.9776877676856144,True,0.0
4,Sherbrooke,55,0.9629870003626366,55,0.7991919678831167,0.9629870003626366,True,0.0
4,Torino,22,0.95366492242998,55,0.8067860034068376,0.9399258247467664,False,0.013739097683213575
5,Fez,44,0.9554998879040028,22,0.8651292565611906,0.9420582469533464,False,0.013441640950656364
5,Sherbrooke,44,0.9024056174627544,44,0.8276272537191491,0.9024056174627544,True,0.0
5,Torino,22,0.8526746735160217,33,0.7528913182210337,0.8252512691132218,False,0.02742340440279989
6,Fez,33,0.9649014593956188,44,0.8966397109458746,0.951146769159504,False,0.013754690236114753
6,Sherbrooke,44,0.933064718225286,44,0.8302519498359702,0.933064718225286,True,0.0
6,Torino,55,0.9217390487684624,22,0.840583875760991,0.9179770484973914,False,0.0037620002710709866
7,Fez,33,0.9352632224008214,55,0.7892165541847022,0.933565773315834,False,0.001697449084987368
7,Sherbrooke,55,0.9124978377643266,66,0.6528239580444604,0.9009776156747508,False,0.011520222089575816
7,Torino,55,0.9082426919877188,33,0.6750230378645672,0.8986439028286028,False,0.009598789159115939
8,Fez,11,0.977948996771436,11,0.8817181349377422,0.977948996771436,True,0.0
8,Sherbrooke,55,0.9664081809768832,44,0.797506464485591,0.9609433761183792,False,0.00546480485850398
8,Torino,22,0.955547730895771,22,0.7370198332671407,0.955547730895771,True,0.0
9,Fez,11,0.990512902003022,44,0.9163514559872374,0.9883954774728618,False,0.0021174245301601724
9,Sherbrooke,33,0.9782896761275895,33,0.8394421935849579,0.9782896761275895,True,0.0
9,Torino,22,0.97904886954989,22,0.8215882848293569,0.97904886954989,True,0.0
