circuit_id,backend,min,max,difference
0,Fez,0.6213887983884575,0.9359463176156277,0.31455751922717023
0,Sherbrooke,0.6379366906947583,0.9198475263123178,0.2819108356175595
0,Torino,0.6274724039193095,0.9233959308745522,0.2959235269552427
1,Fez,0.7802290341255491,0.9698041280593492,0.18957509393380012
1,Sherbrooke,0.757841426620938,0.9503624294232069,0.19252100280226891
1,Torino,0.769836668711773,0.9574589379408265,0.18762226922905345
2,Fez,0.6368198159703253,0.9635674776486559,0.3267476616783306
2,Sherbrooke,0.6008143900266623,0.9424481117722924,0.3416337217456301
2,Torino,0.7297722148139779,0.945102255253165,0.21533004043918713
3,Fez,0.5151574790972263,0.9524500839216319,0.4372926048244056
3,Sherbrooke,0.49957565001074666,0.9063249593723405,0.4067493093615938
3,Torino,0.4912748949887305,0.9343115258512026,0.4430366308624721
4,Fez,0.7711132703505461,0.9776877676856145,0.20657449733506839
4,Sherbrooke,0.5157029246793918,0.9629870003626366,0.4472840756832448
4,Torino,0.4763254660615116,0.95366492242998,0.4773394563684684
5,Fez,0.9222921735725021,0.9554998879040028,0.033207714331500604
5,Sherbrooke,0.7052588798262842,0.9024056174627545,0.19714673763647028
5,Torino,0.2751721514823171,0.8526746735160217,0.5775025220337046
6,Fez,0.43458353003170325,0.9649014593956189,0.5303179293639156
6,Sherbrooke,0.32493925727277634,0.9330647182252859,0.6081254609525095
6,Torino,0.32973190794040297,0.9217390487684625,0.5920071408280595
7,Fez,0.5939811341780163,0.9352632224008214,0.34128208822280504
7,Sherbrooke,0.6056383639400263,0.9124978377643266,0.30685947382430023
7,Torino,0.6219670589820476,0.9082426919877188,0.28627563300567116
8,Fez,0.6974870917675168,0.9779489967714361,0.2804619050039193
8,Sherbrooke,0.9370176010388857,0.9664081809768833,0.029390579937997652
8,Torino,0.6947056998844505,0.955547730895771,0.26084203101132053
9,Fez,0.52768949022084,0.9905129020030219,0.4628234117821819
9,Sherbrooke,0.9156647296480616,0.9782896761275895,0.06262494647952799
9,Torino,0.8514616383084853,0.9790488695498899,0.1275872312414046
