circuit_id,circuit_seed,backend,candidate_seed,original_qubits,original_depth,fidelity,depth,one_qubit_gates,two_qubit_gates,esp
0,20000,Sherbrooke,11,7,16,0.6379366906947583,139,267,54,0.0
0,20000,Sherbrooke,22,7,16,0.8503222434334231,137,284,54,0.36445203890302497
0,20000,Sherbrooke,33,7,16,0.8930220502076296,114,273,54,0.5849749947203408
0,20000,Sherbrooke,44,7,16,0.8950865044354751,125,253,54,0.5661550058941308
0,20000,Sherbrooke,55,7,16,0.9198475263123178,135,257,51,0.6096735626489015
0,20000,Sherbrooke,66,7,16,0.7410177597466089,154,292,60,0.20659760377891326
0,20000,Torino,11,7,16,0.8622622186015741,106,195,63,0.5082119480036373
0,20000,Torino,22,7,16,0.9233959308745522,95,188,57,0.589706190987341
0,20000,Torino,33,7,16,0.9031303112900423,90,184,54,0.527734991399627
0,20000,Torino,44,7,16,0.8823515343437257,104,174,54,0.6318972729495966
0,20000,Torino,55,7,16,0.8997306870941237,92,176,51,0.6003773499933104
0,20000,Torino,66,7,16,0.6274724039193095,109,186,57,0.0
0,20000,Fez,11,7,16,0.8914206219290538,110,190,57,0.4698576087983917
0,20000,Fez,22,7,16,0.6213887983884575,104,189,57,0.0
0,20000,Fez,33,7,16,0.6594719015858725,92,189,57,0.0
0,20000,Fez,44,7,16,0.6332932248418072,91,181,54,0.0
0,20000,Fez,55,7,16,0.9333293870553134,87,174,54,0.6931525111001338
0,20000,Fez,66,7,16,0.9359463176156277,104,174,54,0.7408574733872736
1,20001,Sherbrooke,11,7,10,0.757841426620938,29,66,10,0.0
1,20001,Sherbrooke,22,7,10,0.9503624294232069,24,59,10,0.7605413879263131
1,20001,Sherbrooke,33,7,10,0.9335225295753898,30,64,10,0.7388073364197765
1,20001,Sherbrooke,44,7,10,0.9326478396421605,25,60,10,0.7395214695441028
1,20001,Sherbrooke,55,7,10,0.9326478396421605,25,60,10,0.7395214695441028
1,20001,Sherbrooke,66,7,10,0.9326478396421605,25,60,10,0.7395214695441028
1,20001,Torino,11,7,10,0.9485859833585714,21,49,10,0.7972360605075313
1,20001,Torino,22,7,10,0.7702927707851489,21,49,10,0.0
1,20001,Torino,33,7,10,0.769836668711773,28,53,10,0.0
1,20001,Torino,44,7,10,0.7702927707851489,21,49,10,0.0
1,20001,Torino,55,7,10,0.9574589379408265,21,49,10,0.7153332026340626
1,20001,Torino,66,7,10,0.7702927707851489,21,49,10,0.0
1,20001,Fez,11,7,10,0.961830945826879,28,53,10,0.8739738697442249
1,20001,Fez,22,7,10,0.7802290341255491,28,53,10,0.0
1,20001,Fez,33,7,10,0.9698041280593492,28,53,10,0.8793781108383644
1,20001,Fez,44,7,10,0.9616506261691505,21,49,10,0.8861201708532344
1,20001,Fez,55,7,10,0.9693996598477065,28,53,10,0.8168762405883246
1,20001,Fez,66,7,10,0.9616506261691505,21,49,10,0.8861201708532344
2,20002,Sherbrooke,11,6,22,0.6008143900266623,145,289,60,0.0
2,20002,Sherbrooke,22,6,22,0.8773856221762277,152,257,51,0.4292669924972627
2,20002,Sherbrooke,33,6,22,0.8465997284134849,156,284,60,0.34066247155429563
2,20002,Sherbrooke,44,6,22,0.8932703502419282,156,320,66,0.3657879292307444
2,20002,Sherbrooke,55,6,22,0.9424481117722924,147,250,51,0.5907946627492296
2,20002,Sherbrooke,66,6,22,0.6762334320275296,163,278,54,0.0
2,20002,Torino,11,6,22,0.8752226302827405,119,191,54,0.36324203280079154
2,20002,Torino,22,6,22,0.945102255253165,115,201,63,0.6294045050367678
2,20002,Torino,33,6,22,0.7297722148139779,113,194,60,0.0
2,20002,Torino,44,6,22,0.821582821439985,114,201,63,0.22825443201548712
2,20002,Torino,55,6,22,0.9431746596753348,122,181,54,0.6156526458267176
2,20002,Torino,66,6,22,0.9292961566217581,114,167,51,0.608995740279159
2,20002,Fez,11,6,22,0.9513562046200348,114,167,51,0.7078406224925791
2,20002,Fez,22,6,22,0.9491014931209191,120,181,54,0.7225716406316633
2,20002,Fez,33,6,22,0.8942969109002133,122,181,54,0.41262600701244734
2,20002,Fez,44,6,22,0.9598995016706504,109,174,51,0.7337155711506133
2,20002,Fez,55,6,22,0.9635674776486559,114,167,51,0.7954819187636238
2,20002,Fez,66,6,22,0.6368198159703253,111,182,54,0.0
3,20003,Sherbrooke,11,6,16,0.8150905904858146,83,149,27,0.5396010485685411
3,20003,Sherbrooke,22,6,16,0.9063249593723405,89,170,30,0.6476383231127592
3,20003,Sherbrooke,33,6,16,0.8991430794970316,92,158,30,0.5947492437083114
3,20003,Sherbrooke,44,6,16,0.8593153150295116,85,177,33,0.4947226128056475
3,20003,Sherbrooke,55,6,16,0.8311928243595154,88,188,33,0.4516556131106707
3,20003,Sherbrooke,66,6,16,0.49957565001074666,95,164,30,0.0
3,20003,Torino,11,6,16,0.6215906917986168,68,111,27,0.0
3,20003,Torino,22,6,16,0.9087045603643691,69,116,30,0.6211194567199655
3,20003,Torino,33,6,16,0.4912748949887305,71,119,27,0.0
3,20003,Torino,44,6,16,0.9343115258512026,66,118,33,0.7165470583609558
3,20003,Torino,55,6,16,0.8914468718743073,68,114,30,0.6871631264097302
3,20003,Torino,66,6,16,0.7819437958791797,69,116,30,0.38881166324593425
3,20003,Fez,11,6,16,0.5151574790972263,71,119,27,0.0
3,20003,Fez,22,6,16,0.9348090051841845,69,116,30,0.6580558204619288
3,20003,Fez,33,6,16,0.5290531362584773,68,111,27,0.0
3,20003,Fez,44,6,16,0.9402994567687204,69,118,30,0.8030247276584701
3,20003,Fez,55,6,16,0.9401383317552443,71,116,30,0.7591599933028271
3,20003,Fez,66,6,16,0.9524500839216319,77,117,30,0.8194455219414564
4,20004,Sherbrooke,11,5,16,0.9472935980937749,80,141,24,0.7820350826914482
4,20004,Sherbrooke,22,5,16,0.9547919938811025,63,113,21,0.7955700333394621
4,20004,Sherbrooke,33,5,16,0.5157029246793918,74,126,24,0.0
4,20004,Sherbrooke,44,5,16,0.8182259788245256,76,133,24,0.5953754647859281
4,20004,Sherbrooke,55,5,16,0.9629870003626366,69,116,21,0.7991919678831167
4,20004,Sherbrooke,66,5,16,0.9330858561402366,78,128,24,0.734916000846578
4,20004,Torino,11,5,16,0.9205395373690458,63,91,24,0.6876370935630673
4,20004,Torino,22,5,16,0.95366492242998,51,82,21,0.7411082312145302
4,20004,Torino,33,5,16,0.4968993319648539,63,91,24,0.0
4,20004,Torino,44,5,16,0.9482410667277041,51,82,21,0.7605983914858255
4,20004,Torino,55,5,16,0.9399258247467663,53,94,24,0.8067860034068376
4,20004,Torino,66,5,16,0.4763254660615116,63,91,24,0.0
4,20004,Fez,11,5,16,0.7711132703505461,63,91,24,0.0
4,20004,Fez,22,5,16,0.9773589022303071,53,94,24,0.8519050706363758
4,20004,Fez,33,5,16,0.972837838838556,63,91,24,0.8345159642791651
4,20004,Fez,44,5,16,0.9226870765679636,63,91,24,0.7764048783157522
4,20004,Fez,55,5,16,0.9776877676856145,63,91,24,0.8519582903192859
4,20004,Fez,66,5,16,0.9584787716896148,63,91,24,0.8167371672575164
5,20005,Sherbrooke,11,5,14,0.7052588798262842,66,109,19,0.5307151299270926
5,20005,Sherbrooke,22,5,14,0.8394186406083389,68,101,19,0.6378410871681636
5,20005,Sherbrooke,33,5,14,0.8378475325096325,66,100,19,0.7260914721021048
5,20005,Sherbrooke,44,5,14,0.9024056174627545,68,110,19,0.8276272537191491
5,20005,Sherbrooke,55,5,14,0.8378475325096325,66,100,19,0.7260914721021048
5,20005,Sherbrooke,66,5,14,0.8378475325096325,66,100,19,0.7260914721021048
5,20005,Torino,11,5,14,0.2751721514823171,53,87,19,0.0
5,20005,Torino,22,5,14,0.8526746735160217,53,87,19,0.6555732482486121
5,20005,Torino,33,5,14,0.8252512691132218,63,78,19,0.7528913182210337
5,20005,Torino,44,5,14,0.8526746735160217,53,87,19,0.6555732482486121
5,20005,Torino,55,5,14,0.6062826805812307,53,87,19,0.2003791636527667
5,20005,Torino,66,5,14,0.2751721514823171,53,87,19,0.0
5,20005,Fez,11,5,14,0.9400765194845139,57,82,19,0.853309239259941
5,20005,Fez,22,5,14,0.9420582469533464,53,87,19,0.8651292565611906
5,20005,Fez,33,5,14,0.9222921735725021,54,81,19,0.8261207967852499
5,20005,Fez,44,5,14,0.9554998879040028,53,87,19,0.8474345816793329
5,20005,Fez,55,5,14,0.9420582469533464,53,87,19,0.8651292565611906
5,20005,Fez,66,5,14,0.9420582469533464,53,87,19,0.8651292565611906
6,20006,Sherbrooke,11,5,11,0.32493925727277634,60,102,17,0.0
6,20006,Sherbrooke,22,5,11,0.8694429516749725,58,110,20,0.6821495535002066
6,20006,Sherbrooke,33,5,11,0.8163204265678073,55,95,17,0.5313120243653628
6,20006,Sherbrooke,44,5,11,0.9330647182252859,57,93,17,0.8302519498359702
6,20006,Sherbrooke,55,5,11,0.9130214003373289,61,105,17,0.7914183872908828
6,20006,Sherbrooke,66,5,11,0.4558423211197377,52,94,17,0.0
6,20006,Torino,11,5,11,0.8233602996865617,40,69,17,0.7304758172922794
6,20006,Torino,22,5,11,0.9179770484973914,46,74,17,0.840583875760991
6,20006,Torino,33,5,11,0.9179770484973914,46,74,17,0.840583875760991
6,20006,Torino,44,5,11,0.851196433071923,46,74,17,0.73842254178323
6,20006,Torino,55,5,11,0.9217390487684625,44,81,20,0.7478469972808192
6,20006,Torino,66,5,11,0.32973190794040297,42,73,17,0.0
6,20006,Fez,11,5,11,0.43458353003170325,43,82,20,0.0
6,20006,Fez,22,5,11,0.9537332092316282,44,74,20,0.8030795035067518
6,20006,Fez,33,5,11,0.9649014593956189,43,72,17,0.8785838185432719
6,20006,Fez,44,5,11,0.9511467691595039,42,73,17,0.8966397109458746
6,20006,Fez,55,5,11,0.7902917021125826,44,81,20,0.0
6,20006,Fez,66,5,11,0.9186278584458157,43,82,20,0.8439162802501569
7,20007,Sherbrooke,11,6,23,0.6147700153675234,159,272,54,0.0
7,20007,Sherbrooke,22,6,23,0.8283565394454956,154,245,51,0.4742076203019939
7,20007,Sherbrooke,33,6,23,0.6056383639400263,161,256,51,0.0
7,20007,Sherbrooke,44,6,23,0.8796069107662619,159,283,60,0.5183450627239423
7,20007,Sherbrooke,55,6,23,0.9124978377643266,156,271,57,0.6507434079959072
7,20007,Sherbrooke,66,6,23,0.9009776156747509,158,295,60,0.6528239580444604
7,20007,Torino,11,6,23,0.8888779710858066,115,177,48,0.6397742103199571
7,20007,Torino,22,6,23,0.8798497752575185,120,198,60,0.539308630866783
7,20007,Torino,33,6,23,0.8986439028286028,110,182,51,0.6750230378645672
7,20007,Torino,44,6,23,0.9029898524173993,114,174,48,0.6081737133962372
7,20007,Torino,55,6,23,0.9082426919877188,114,174,48,0.6030664484260834
7,20007,Torino,66,6,23,0.6219670589820476,136,194,57,0.0
7,20007,Fez,11,6,23,0.5939811341780163,120,198,60,0.0
7,20007,Fez,22,6,23,0.9159001396772024,125,189,57,0.6984106187381068
7,20007,Fez,33,6,23,0.9352632224008214,118,179,51,0.7791312969976546
7,20007,Fez,44,6,23,0.9152594232634872,136,194,57,0.7281360535556546
7,20007,Fez,55,6,23,0.9335657733158339,118,186,54,0.7892165541847022
7,20007,Fez,66,6,23,0.9346342184451853,136,194,57,0.77131620330435
8,20008,Sherbrooke,11,5,24,0.9556956913412175,75,122,21,0.7086105244169558
8,20008,Sherbrooke,22,5,24,0.9370176010388857,76,120,21,0.6934619039079339
8,20008,Sherbrooke,33,5,24,0.9643114774396736,71,112,21,0.7296799534206595
8,20008,Sherbrooke,44,5,24,0.9609433761183793,81,127,24,0.797506464485591
8,20008,Sherbrooke,55,5,24,0.9664081809768833,78,120,21,0.7919317706542413
8,20008,Sherbrooke,66,5,24,0.95154255039187,81,128,24,0.7932457145574329
8,20008,Torino,11,5,24,0.9142743136048668,69,108,21,0.6428474527845748
8,20008,Torino,22,5,24,0.955547730895771,69,108,21,0.7370198332671407
8,20008,Torino,33,5,24,0.9380258553840384,76,108,24,0.6218499130595643
8,20008,Torino,44,5,24,0.955547730895771,69,108,21,0.7370198332671407
8,20008,Torino,55,5,24,0.9449143115725239,69,108,21,0.7089394006818708
8,20008,Torino,66,5,24,0.6947056998844505,76,105,24,0.0
8,20008,Fez,11,5,24,0.9779489967714361,69,108,21,0.8817181349377422
8,20008,Fez,22,5,24,0.9665530173260503,69,108,21,0.8119173918405804
8,20008,Fez,33,5,24,0.9680063617423194,76,108,24,0.8369563995507866
8,20008,Fez,44,5,24,0.9724422742421871,73,107,24,0.8211333459538188
8,20008,Fez,55,5,24,0.6974870917675168,69,108,21,0.0
8,20008,Fez,66,5,24,0.9720873337710955,73,107,24,0.8403044738874649
9,20009,Sherbrooke,11,4,14,0.9714970793169978,63,113,22,0.8047355945234544
9,20009,Sherbrooke,22,4,14,0.9469218028674506,74,105,22,0.6856946514042522
9,20009,Sherbrooke,33,4,14,0.9782896761275895,56,83,16,0.8394421935849579
9,20009,Sherbrooke,44,4,14,0.9371668474724344,65,107,22,0.5797056537418388
9,20009,Sherbrooke,55,4,14,0.9156647296480616,61,90,16,0.7096731570640172
9,20009,Sherbrooke,66,4,14,0.9283285775583682,65,107,22,0.7160512507421531
9,20009,Torino,11,4,14,0.8715645919957813,56,91,22,0.6276952630534154
9,20009,Torino,22,4,14,0.9790488695498899,54,73,16,0.8215882848293569
9,20009,Torino,33,4,14,0.9312458422360903,56,91,22,0.7611920181493214
9,20009,Torino,44,4,14,0.8730157236272887,56,91,22,0.7292029865532367
9,20009,Torino,55,4,14,0.9592621270778242,65,85,22,0.7510889403616855
9,20009,Torino,66,4,14,0.8514616383084853,56,91,22,0.0
9,20009,Fez,11,4,14,0.9905129020030219,54,73,16,0.9072646572695678
9,20009,Fez,22,4,14,0.9890323672282234,65,85,22,0.8868765376044708
9,20009,Fez,33,4,14,0.9847557838409694,59,74,19,0.9112937821924861
9,20009,Fez,44,4,14,0.9883954774728618,54,73,16,0.9163514559872374
9,20009,Fez,55,4,14,0.9902348408242891,54,73,16,0.910404005701244
9,20009,Fez,66,4,14,0.52768949022084,56,91,22,0.0
