circuit_id,backend,oracle_candidate,oracle_fidelity,esp_candidate,esp_fidelity,pairwise_candidate,pairwise_fidelity,hybrid_candidate,hybrid_fidelity,esp_margin,learned_threshold,used_pairwise,esp_correct,pairwise_correct,hybrid_correct,esp_regret,pairwise_regret,hybrid_regret
0,Fez,66,0.9359463176156276,66,0.9359463176156276,66,0.9359463176156276,66,0.9359463176156276,0.04770496228713983,0.010085257187047558,False,True,True,True,0.0,0.0,0.0
0,Sherbrooke,55,0.9198475263123178,55,0.9198475263123178,55,0.9198475263123178,55,0.9198475263123178,0.024698567928560733,0.010085257187047558,False,True,True,True,0.0,0.0,0.0
0,Torino,22,0.9233959308745522,44,0.8823515343437257,44,0.8823515343437257,44,0.8823515343437257,0.03151992295628625,0.010085257187047558,False,False,False,False,0.04104439653082648,0.04104439653082648,0.04104439653082648
1,Fez,33,0.9698041280593492,44,0.9616506261691504,44,0.9616506261691504,44,0.9616506261691504,0.0,0.0042607499281581696,True,False,False,False,0.008153501890198811,0.008153501890198811,0.008153501890198811
1,Sherbrooke,22,0.9503624294232068,22,0.9503624294232068,22,0.9503624294232068,22,0.9503624294232068,0.02101991838221029,0.0042607499281581696,False,True,True,True,0.0,0.0,0.0
1,Torino,55,0.9574589379408264,11,0.9485859833585714,11,0.9485859833585714,11,0.9485859833585714,0.08190285787346863,0.0042607499281581696,False,False,False,False,0.00887295458225501,0.00887295458225501,0.00887295458225501
2,Fez,55,0.963567477648656,55,0.963567477648656,55,0.963567477648656,55,0.963567477648656,0.061766347613010586,0.018055892402602636,False,True,True,True,0.0,0.0,0.0
2,Sherbrooke,55,0.9424481117722924,55,0.9424481117722924,55,0.9424481117722924,55,0.9424481117722924,0.16152767025196696,0.018055892402602636,False,True,True,True,0.0,0.0,0.0
2,Torino,22,0.945102255253165,22,0.945102255253165,55,0.9431746596753348,55,0.9431746596753348,0.013751859210050177,0.018055892402602636,True,True,False,False,0.0,0.0019275955778302878,0.0019275955778302878
3,Fez,66,0.952450083921632,66,0.952450083921632,44,0.9402994567687204,44,0.9402994567687204,0.016420794282986262,0.018055892402602636,True,True,False,False,0.0,0.012150627152911597,0.012150627152911597
3,Sherbrooke,22,0.9063249593723404,22,0.9063249593723404,22,0.9063249593723404,22,0.9063249593723404,0.05288907940444776,0.018055892402602636,False,True,True,True,0.0,0.0,0.0
3,Torino,44,0.9343115258512026,44,0.9343115258512026,44,0.9343115258512026,44,0.9343115258512026,0.029383931951225573,0.018055892402602636,False,True,True,True,0.0,0.0,0.0
4,Fez,55,0.9776877676856144,55,0.9776877676856144,22,0.9773589022303072,22,0.9773589022303072,5.32196829101661e-05,0.0020805500485531203,True,True,False,False,0.0,0.00032886545530719236,0.00032886545530719236
4,Sherbrooke,55,0.9629870003626366,55,0.9629870003626366,55,0.9629870003626366,55,0.9629870003626366,0.00362193454365467,0.0020805500485531203,False,True,True,True,0.0,0.0,0.0
4,Torino,22,0.95366492242998,55,0.9399258247467664,55,0.9399258247467664,55,0.9399258247467664,0.04618761192101206,0.0020805500485531203,False,False,False,False,0.013739097683213575,0.013739097683213575,0.013739097683213575
5,Fez,44,0.9554998879040028,22,0.9420582469533464,55,0.9420582469533464,55,0.9420582469533464,0.0,0.0020805500485531203,True,False,False,False,0.013441640950656364,0.013441640950656364,0.013441640950656364
5,Sherbrooke,44,0.9024056174627544,44,0.9024056174627544,44,0.9024056174627544,44,0.9024056174627544,0.10153578161704435,0.0020805500485531203,False,True,True,True,0.0,0.0,0.0
5,Torino,22,0.8526746735160217,33,0.8252512691132218,33,0.8252512691132218,33,0.8252512691132218,0.09731806997242165,0.0020805500485531203,False,False,False,False,0.02742340440279989,0.02742340440279989,0.02742340440279989
6,Fez,33,0.9649014593956188,44,0.951146769159504,33,0.9649014593956188,44,0.951146769159504,0.018055892402602636,0.010085257187047558,False,False,True,False,0.013754690236114753,0.0,0.013754690236114753
6,Sherbrooke,44,0.933064718225286,44,0.933064718225286,44,0.933064718225286,44,0.933064718225286,0.03883356254508741,0.010085257187047558,False,True,True,True,0.0,0.0,0.0
6,Torino,55,0.9217390487684624,22,0.9179770484973914,22,0.9179770484973914,22,0.9179770484973914,0.0,0.010085257187047558,True,False,False,False,0.0037620002710709866,0.0037620002710709866,0.0037620002710709866
7,Fez,33,0.9352632224008214,55,0.933565773315834,33,0.9352632224008214,33,0.9352632224008214,0.010085257187047558,0.018055892402602636,True,False,True,True,0.001697449084987368,0.0,0.0
7,Sherbrooke,55,0.9124978377643266,66,0.9009776156747508,55,0.9124978377643266,55,0.9124978377643266,0.0020805500485531203,0.018055892402602636,True,False,True,True,0.011520222089575816,0.0,0.0
7,Torino,55,0.9082426919877188,33,0.8986439028286028,33,0.8986439028286028,33,0.8986439028286028,0.03524882754461012,0.018055892402602636,False,False,False,False,0.009598789159115939,0.009598789159115939,0.009598789159115939
8,Fez,11,0.977948996771436,11,0.977948996771436,11,0.977948996771436,11,0.977948996771436,0.04141366105027733,0.018055892402602636,False,True,True,True,0.0,0.0,0.0
8,Sherbrooke,55,0.9664081809768832,44,0.9609433761183792,55,0.9664081809768832,55,0.9664081809768832,0.0042607499281581696,0.018055892402602636,True,False,True,True,0.00546480485850398,0.0,0.0
8,Torino,22,0.955547730895771,22,0.955547730895771,22,0.955547730895771,22,0.955547730895771,0.0,0.018055892402602636,True,True,True,True,0.0,0.0,0.0
9,Fez,11,0.990512902003022,44,0.9883954774728618,33,0.9847557838409694,33,0.9847557838409694,0.005057673794751416,0.010085257187047558,True,False,False,False,0.0021174245301601724,0.005757118162052599,0.005757118162052599
9,Sherbrooke,33,0.9782896761275895,33,0.9782896761275895,33,0.9782896761275895,33,0.9782896761275895,0.03470659906150342,0.010085257187047558,False,True,True,True,0.0,0.0,0.0
9,Torino,22,0.97904886954989,22,0.97904886954989,22,0.97904886954989,22,0.97904886954989,0.060396266680035504,0.010085257187047558,False,True,True,True,0.0,0.0,0.0
