circuit_type,backend,candidate,mapping,active_physical_qubits,depth,gate_count,1Q_gates,2Q_gates,readout_sum,avg_readout,max_readout,readout_product_loss,gate_error_sum,max_gate_error,2Q_gate_error_sum,max_2Q_gate_error,gate_length_sum,2Q_gate_length_sum,avg_t1,min_t1,avg_t2,min_t2,2Q_edges,calibration_time,job_time,calibration_age_minutes,fidelity,predicted_fidelity,calibration_score
Bell,ibm_fez,11,"[110, 109, 101]","[110, 109]",6,9,8,1,0.013916015625,0.0069580078125,0.0078125,0.0138683319091796,0.003697536223785,0.0029874966060552,0.0029874966060552,0.0029874966060552,1.4e-07,6.8e-08,0.000168031896482,0.0001613602569409,9.619235674464732e-05,7.024797767836285e-05,"(110, 109)",2026-10-06 15:27:42+05:30,2026-10-06 15:49:41.039400+05:30,21.98399,0.953639295524606,0.5777453,0.0169035122310552
Bell,ibm_fez,22,"[43, 42, 13]","[43, 42]",6,9,8,1,0.101806640625,0.0509033203125,0.089599609375,0.1007128953933715,0.0049618776928109,0.0038988777982257,0.0038988777982257,0.0038988777982257,1.4e-07,6.8e-08,0.000157912715091,0.0001411038522023,6.85993787655481e-05,4.490792779916615e-05,"(43, 42)",2026-10-06 15:27:42+05:30,2026-10-06 15:49:41.039400+05:30,21.98399,0.952548319116494,0.8174501,0.1057055184232257
Bell,ibm_fez,33,"[65, 77, 2]","[65, 77]",6,9,8,1,0.0859375,0.04296875,0.075439453125,0.0851455330848693,0.005246403082765,0.0039292494132435,0.0039292494132435,0.0039292494132435,1.4e-07,6.8e-08,0.0001225183988576,0.0001138464030698,6.753249512583111e-05,4.768066095588965e-05,"(65, 77)",2026-10-06 15:27:42+05:30,2026-10-06 15:49:41.039400+05:30,21.98399,0.9425661355275844,0.815533,0.0898667494132435
Bell,ibm_fez,44,"[63, 56, 91]","[63, 56]",6,9,8,1,0.035400390625,0.0177001953125,0.027587890625,0.0351848602294921,0.0070757879184141,0.005224636900736,0.005224636900736,0.005224636900736,1.4e-07,6.8e-08,0.0001424909979042,0.0001192599268972,4.037975423101888e-05,3.084291101455688e-05,"(63, 56)",2026-10-06 15:27:42+05:30,2026-10-06 15:49:41.039400+05:30,21.98399,0.9549999036273752,0.8900105,0.040625027525736
Bell,ibm_fez,55,"[89, 78, 98]","[89, 78]",6,9,8,1,0.03076171875,0.015380859375,0.02099609375,0.0305566787719726,0.0039837665484664,0.0029852421073555,0.0029852421073555,0.0029852421073555,1.4e-07,6.8e-08,0.0001306989533939,9.464996172478162e-05,9.046845195024096e-05,8.90391564370606e-05,"(89, 78)",2026-10-06 15:27:42+05:30,2026-10-06 15:49:41.039400+05:30,21.98399,0.9738955113785562,0.62387055,0.0337469608573555
Bell,ibm_fez,66,"[69, 78, 26]","[69, 78]",6,9,8,1,0.025634765625,0.0128173828125,0.02099609375,0.025537371635437,0.0030678720897998,0.0019288440256738,0.0019288440256738,0.0019288440256738,1.4e-07,6.8e-08,0.0001204345337716,9.464996172478162e-05,8.85576544532858e-05,8.521756144315024e-05,"(69, 78)",2026-10-06 15:27:42+05:30,2026-10-06 15:49:41.039400+05:30,21.98399,0.9799539362983632,0.62849665,0.0275636096506738
Bell,ibm_kingston,11,"[110, 109, 101]","[110, 109]",6,9,8,1,0.009033203125,0.0045166015625,0.004638671875,0.0090128183364868,0.0026537873095004,0.0020147844115502,0.0020147844115502,0.0020147844115502,1.64e-07,6.8e-08,0.000222731822618,0.0001955467561887,0.0001758924317682,0.0001387201629214,"(110, 109)",2026-10-06 15:17:52+05:30,2026-10-06 15:49:58.164836+05:30,32.10274726666667,0.9715714683964096,0.63644665,0.0110479875365502
Bell,ibm_kingston,22,"[43, 42, 13]","[43, 42]",6,9,8,1,0.007568359375,0.0037841796875,0.00390625,0.0075540542602539,0.0029286647627281,0.0018784167430651,0.0018784167430651,0.0018784167430651,1.64e-07,6.8e-08,0.0002161474197651,0.0002001163982832,9.728224539179088e-05,6.130784407338713e-05,"(43, 42)",2026-10-06 15:17:52+05:30,2026-10-06 15:49:58.164836+05:30,32.10274726666667,0.9852448452774862,0.5558309,0.0094467761180651
Bell,ibm_kingston,33,"[65, 77, 2]","[65, 77]",6,9,8,1,0.01708984375,0.008544921875,0.013427734375,0.0170406699180603,0.0053300839084313,0.0046611124891837,0.0046611124891837,0.0046611124891837,1.64e-07,6.8e-08,0.0003071687343746,0.000280719160719,0.0002653277920237,0.0002447665345896,"(65, 77)",2026-10-06 15:17:52+05:30,2026-10-06 15:49:58.164836+05:30,32.10274726666667,0.9794083635777594,0.95721173,0.0217509562391837
Bell,ibm_kingston,44,"[63, 56, 91]","[63, 56]",6,9,8,1,0.01904296875,0.009521484375,0.01123046875,0.0189552307128906,0.0023212132525343,0.0016021903614958,0.0016021903614958,0.0016021903614958,1.64e-07,6.8e-08,0.0002012418329907,0.0001623585451286,3.7454882861186885e-05,3.462545531800762e-05,"(63, 56)",2026-10-06 15:17:52+05:30,2026-10-06 15:49:58.164836+05:30,32.10274726666667,0.9785146503857556,0.5431989,0.0206451591114958
Bell,ibm_kingston,55,"[89, 78, 98]","[89, 78]",6,9,8,1,0.02978515625,0.014892578125,0.025146484375,0.0296685099601745,0.0026129347274531,0.0018852757257319,0.0018852757257319,0.0018852757257319,1.64e-07,6.8e-08,0.0001776924056325,0.0001216861873269,6.839819823448313e-05,3.2784707527286165e-05,"(89, 78)",2026-10-06 15:17:52+05:30,2026-10-06 15:49:58.164836+05:30,32.10274726666667,0.95116285123626,0.5616525,0.0316704319757319
Bell,ibm_kingston,66,"[69, 78, 26]","[69, 78]",6,9,8,1,0.042724609375,0.0213623046875,0.025146484375,0.0422825813293457,0.0030178455462638,0.0022743711240629,0.0022743711240629,0.0022743711240629,1.64e-07,6.8e-08,0.0001823971710161,0.000131095718094,8.646248727037567e-05,3.2784707527286165e-05,"(69, 78)",2026-10-06 15:17:52+05:30,2026-10-06 15:49:58.164836+05:30,32.10274726666667,0.9413971326269484,0.56693417,0.0449989804990629
Bell,ibm_marrakesh,11,"[110, 109, 101]","[110, 109]",6,9,8,1,0.0308837890625,0.01544189453125,0.0220947265625,0.0306895971298217,0.0042689285069858,0.0020774658805519,0.0020774658805519,0.0020774658805519,1.76e-07,6.8e-08,0.0002947894773619,0.0002213750706752,7.739556672242051e-05,5.060772229335095e-05,"(110, 109)",2026-10-06 15:10:38+05:30,2026-10-06 15:50:14.630911+05:30,39.61051518333333,0.9739474462271608,0.5229337,0.0329612549430519
Bell,ibm_marrakesh,22,"[43, 42, 13]","[43, 42]",6,9,8,1,0.01904296875,0.009521484375,0.011474609375,0.0189561247825622,0.0104645914147139,0.0091086480196234,0.0091086480196234,0.0091086480196234,1.76e-07,6.8e-08,0.000243976616756,0.0002153918257627,4.529397994437324e-05,3.3979582493338084e-05,"(43, 42)",2026-10-06 15:10:38+05:30,2026-10-06 15:50:14.630911+05:30,39.61051518333333,0.9657904419951604,0.844566,0.0281516167696234
Bell,ibm_marrakesh,33,"[65, 77, 2]","[65, 77]",6,9,8,1,0.01708984375,0.008544921875,0.009033203125,0.0170170664787292,0.0185037197026694,0.013456237742696,0.013456237742696,0.013456237742696,1.76e-07,6.8e-08,0.0001874620379594,0.0001134541287144,4.412457654053087e-05,4.0805064308355854e-05,"(65, 77)",2026-10-06 15:10:38+05:30,2026-10-06 15:50:14.630911+05:30,39.61051518333333,0.9713121092993326,0.87305206,0.030546081492695998
Bell,ibm_marrakesh,44,"[63, 56, 91]","[63, 56]",6,9,8,1,0.2191162109375,0.10955810546875,0.2021484375,0.2156862020492553,0.0051023559650197,0.0037216215245481,0.0037216215245481,0.0037216215245481,1.76e-07,6.8e-08,0.0001610323852074,0.0001509893012743,6.126447068848058e-05,5.9915552920076754e-05,"(63, 56)",2026-10-06 15:10:38+05:30,2026-10-06 15:50:14.630911+05:30,39.61051518333333,0.8451306195576784,0.81069833,0.2228378324620481
Bell,ibm_marrakesh,55,"[89, 78, 98]","[89, 78]",6,9,8,1,0.0224609375,0.01123046875,0.011474609375,0.0223348736763,0.0037029814428553,0.0027906804149998,0.0027906804149998,0.0027906804149998,1.76e-07,6.8e-08,0.0002051791642176,0.0001726403213046,0.0001176847478746,5.81260081755215e-05,"(89, 78)",2026-10-06 15:10:38+05:30,2026-10-06 15:50:14.630911+05:30,39.61051518333333,0.9805989572517968,0.54724145,0.0252516179149998
Bell,ibm_marrakesh,66,"[69, 78, 26]","[69, 78]",6,9,8,1,0.0469970703125,0.02349853515625,0.0355224609375,0.0465894639492034,0.0030410020337574,0.002133259508535,0.002133259508535,0.002133259508535,1.76e-07,6.8e-08,0.0001466297736844,0.0001206192260641,5.974072777076507e-05,5.81260081755215e-05,"(69, 78)",2026-10-06 15:10:38+05:30,2026-10-06 15:50:14.630911+05:30,39.61051518333333,0.9840251345177616,0.6094005,0.049130329821035
GHZ,ibm_fez,11,"[104, 105, 106]","[104, 105, 106]",9,15,13,2,0.02587890625,0.0086263020833333,0.013916015625,0.0256778706680051,0.0100520534148459,0.006733148806508,0.0088219379286784,0.006733148806508,2.56e-07,1.36e-07,0.0001438481022407,0.000122345111084,0.0001385167429816,0.000109151080136,"(106, 105);(105, 104)",2026-10-06 15:27:42+05:30,2026-10-06 15:49:41.039400+05:30,21.98399,0.9474245794493928,0.9666769,0.0347008441786784
GHZ,ibm_fez,22,"[6, 7, 8]","[6, 7, 8]",9,15,13,2,0.025634765625,0.008544921875,0.012451171875,0.0254277625354006,0.0073155386386573,0.0028868494065389,0.0051204262647235,0.0028868494065389,2.56e-07,1.36e-07,0.0001207747435585,7.886549684020084e-05,5.127248298399573e-05,2.811829727201294e-05,"(6, 7);(7, 8)",2026-10-06 15:27:42+05:30,2026-10-06 15:49:41.039400+05:30,21.98399,0.9400915249106744,0.9500438,0.0307551918897235
GHZ,ibm_fez,33,"[16, 22, 23]","[16, 22, 23]",9,15,13,2,0.016357421875,0.0054524739583333,0.008544921875,0.0162757726502604,0.0053451349738111,0.0021012739974605,0.0040674995400221,0.0021012739974605,2.56e-07,1.36e-07,0.0001932280040168,0.0001523828904666,0.0001438792917532,0.0001233673013986,"(22, 23);(23, 16)",2026-10-06 15:27:42+05:30,2026-10-06 15:49:41.039400+05:30,21.98399,0.9709899607100272,0.96378297,0.0204249214150221
GHZ,ibm_fez,44,"[68, 69, 78]","[68, 69, 78]",9,15,13,2,0.03564453125,0.0118815104166666,0.02099609375,0.0352915141556877,0.0065564017301826,0.0027885742009311,0.0047174182266049,0.0027885742009311,2.56e-07,1.36e-07,0.0001272470337116,9.464996172478162e-05,9.476970739881588e-05,8.521756144315024e-05,"(68, 69);(69, 78)",2026-10-06 15:27:42+05:30,2026-10-06 15:49:41.039400+05:30,21.98399,0.955593365803414,0.9561062,0.0403619494766049
GHZ,ibm_fez,55,"[91, 98, 111]","[91, 98, 111]",9,15,13,2,0.024169921875,0.008056640625,0.015869140625,0.0240221817657584,0.0060864863012742,0.0028108065760269,0.0047598355682808,0.0028108065760269,2.56e-07,1.36e-07,0.0001353854959914,0.0001142883759322,5.486539540895078e-05,2.2719354533653632e-05,"(111, 98);(98, 91)",2026-10-06 15:27:42+05:30,2026-10-06 15:49:41.039400+05:30,21.98399,0.9259798301054282,0.9610826,0.0289297574432808
GHZ,ibm_fez,66,"[47, 57, 67]","[47, 57, 67]",9,15,13,2,0.0654296875,0.0218098958333333,0.036376953125,0.0642098330135922,0.0143847037150349,0.0060124828496712,0.0114980747758548,0.0060124828496712,2.56e-07,1.36e-07,0.0001007645285404,8.50476899542351e-05,3.944125419374533e-05,1.6352652405450266e-05,"(67, 57);(57, 47)",2026-10-06 15:27:42+05:30,2026-10-06 15:49:41.039400+05:30,21.98399,0.9304772689587032,0.90494514,0.0769277622758548
GHZ,ibm_kingston,11,"[104, 105, 106]","[104, 105, 106]",9,15,13,2,0.06005859375,0.02001953125,0.04052734375,0.0591837768442928,0.0047626908887056,0.0015760382086902,0.0029145222599401,0.0015760382086902,2.960000000000001e-07,1.36e-07,0.0001620794518613,0.000119153871738,0.0002253940090995,0.0001238283855312,"(106, 105);(105, 104)",2026-10-06 15:17:52+05:30,2026-10-06 15:49:58.164836+05:30,32.10274726666667,0.9352164803961914,0.94126415,0.0629731160099401
GHZ,ibm_kingston,22,"[6, 7, 8]","[6, 7, 8]",9,15,13,2,0.03173828125,0.0105794270833333,0.012451171875,0.0314064263657201,0.0168653179040311,0.00948036184012,0.0154821211406088,0.00948036184012,3.08e-07,1.48e-07,0.0001620002587135,8.845761254196116e-05,9.373742174402516e-05,8.604191061354584e-05,"(6, 7);(7, 8)",2026-10-06 15:17:52+05:30,2026-10-06 15:49:58.164836+05:30,32.10274726666667,0.9325433003471624,0.92070675,0.047220402390608804
GHZ,ibm_kingston,33,"[16, 22, 23]","[16, 22, 23]",9,15,13,2,0.02587890625,0.0086263020833333,0.014404296875,0.0256876568018924,0.0042611814598091,0.0017268343043385,0.0032386397909258,0.0017268343043385,2.960000000000001e-07,1.36e-07,0.0002029444864616,0.0001039696387315,0.0001292309920843,7.167770135609314e-05,"(22, 23);(23, 16)",2026-10-06 15:17:52+05:30,2026-10-06 15:49:58.164836+05:30,32.10274726666667,0.4798051879232846,0.9715271,0.0291175460409258
GHZ,ibm_kingston,44,"[68, 69, 78]","[68, 69, 78]",9,15,13,2,0.049560546875,0.0165201822916666,0.025146484375,0.0488294777460396,0.0050090788476506,0.0022743711240629,0.0039134696945411,0.0022743711240629,2.960000000000001e-07,1.36e-07,0.0002008611910461,0.000131095718094,0.0001188202091835,3.2784707527286165e-05,"(68, 69);(69, 78)",2026-10-06 15:17:52+05:30,2026-10-06 15:49:58.164836+05:30,32.10274726666667,0.9321442607532296,0.9454795,0.0534740165695411
GHZ,ibm_kingston,55,"[91, 98, 111]","[91, 98, 111]",9,15,13,2,0.02001953125,0.0066731770833333,0.011474609375,0.019903451873688,0.0045691702912333,0.002092153493156,0.003515896743274,0.002092153493156,2.960000000000001e-07,1.36e-07,0.0002920982092587,0.0002181274992871,0.0001430233166818,7.002893390204801e-05,"(111, 98);(98, 91)",2026-10-06 15:17:52+05:30,2026-10-06 15:49:58.164836+05:30,32.10274726666667,0.9492607373111538,0.9596998,0.023535427993274
GHZ,ibm_kingston,66,"[47, 57, 67]","[47, 57, 67]",9,15,13,2,0.015380859375,0.005126953125,0.005859375,0.0153037374839186,0.0054126517476461,0.0018013581712179,0.0034883382308973,0.0018013581712179,2.960000000000001e-07,1.36e-07,0.0002939439563727,0.0002570296707345,0.0003098713449646,0.0002389628554819,"(67, 57);(57, 47)",2026-10-06 15:17:52+05:30,2026-10-06 15:49:58.164836+05:30,32.10274726666667,0.9733974304789031,0.9675268,0.018869197605897302
GHZ,ibm_marrakesh,11,"[104, 105, 106]","[104, 105, 106]",9,15,13,2,0.04150390625,0.0138346354166666,0.026611328125,0.0410553783294744,0.0048842973993948,0.0018016250286138,0.0035922611932577,0.0018016250286138,3.16e-07,1.36e-07,0.0001568177422256,8.134980625329424e-05,8.551037878508443e-05,5.869751038738207e-05,"(106, 105);(105, 104)",2026-10-06 15:10:38+05:30,2026-10-06 15:50:14.630911+05:30,39.61051518333333,0.9599467517490418,0.9316963,0.0450961674432577
GHZ,ibm_marrakesh,22,"[6, 7, 8]","[6, 7, 8]",9,15,13,2,0.0198974609375,0.0066324869791666,0.0089111328125,0.019773922409513,0.0054868482955759,0.0023408508543672,0.0040334648448751,0.0023408508543672,3.28e-07,1.48e-07,0.0001315929738735,3.651023956166801e-05,6.903605585164827e-05,3.3414755587693605e-05,"(6, 7);(7, 8)",2026-10-06 15:10:38+05:30,2026-10-06 15:50:14.630911+05:30,39.61051518333333,0.9614972317299842,0.94236654,0.0239309257823751
GHZ,ibm_marrakesh,33,"[16, 22, 23]","[16, 22, 23]",9,15,13,2,0.0787353515625,0.0262451171875,0.053466796875,0.0772611628781305,0.0112277130209697,0.0059038395418774,0.0086124252528028,0.0059038395418774,3.16e-07,1.36e-07,0.000104364979414,7.424079047390799e-05,6.948434315646764e-05,1.2213740860783464e-05,"(22, 23);(23, 16)",2026-10-06 15:10:38+05:30,2026-10-06 15:50:14.630911+05:30,39.61051518333333,0.6490982218286138,0.91086274,0.0873477768153028
GHZ,ibm_marrakesh,44,"[68, 69, 78]","[68, 69, 78]",9,15,13,2,0.085205078125,0.0284016927083333,0.0382080078125,0.0830173811591521,0.0091161111318589,0.0029125659821754,0.0050458254907105,0.0029125659821754,3.16e-07,1.36e-07,0.000144488436862,0.0001206192260641,5.053594001881213e-05,3.212636451490623e-05,"(68, 69);(69, 78)",2026-10-06 15:10:38+05:30,2026-10-06 15:50:14.630911+05:30,39.61051518333333,0.913795327890942,0.950328,0.0902509036157105
GHZ,ibm_marrakesh,55,"[91, 98, 111]","[91, 98, 111]",9,15,13,2,0.061767578125,0.0205891927083333,0.0521240234375,0.0612467249593464,0.0111839416309615,0.004702202477017,0.0092259762963597,0.004702202477017,3.16e-07,1.36e-07,0.0001916836554078,0.0001529825336533,0.0001464368284913,7.51143542893204e-05,"(111, 98);(98, 91)",2026-10-06 15:10:38+05:30,2026-10-06 15:50:14.630911+05:30,39.61051518333333,0.9775193064657411,0.962103,0.0709935544213597
GHZ,ibm_marrakesh,66,"[47, 57, 67]","[47, 57, 67]",9,15,13,2,0.029052734375,0.0096842447916666,0.0155029296875,0.0287975766659656,0.0061157793065985,0.0023258358644198,0.0045831519477863,0.0023258358644198,3.16e-07,1.36e-07,0.0002424718902573,0.0001850356491094,9.608079638724063e-05,5.751348056107636e-05,"(67, 57);(57, 47)",2026-10-06 15:10:38+05:30,2026-10-06 15:50:14.630911+05:30,39.61051518333333,0.7572555175792574,0.97373784,0.0336358863227863
Ring,ibm_fez,11,"[107, 105, 106]","[107, 105, 106]",19,30,24,6,0.030517578125,0.0101725260416666,0.013916015625,0.0302207223139703,0.0160183663674994,0.0020887891221703,0.011937066457445,0.0020887891221703,7.200000000000001e-07,4.080000000000001e-07,0.0001243244171218,7.857005838809917e-05,0.0001101742115379,2.412348580506408e-05,"(106, 105);(106, 107);(106, 107);(106, 107);(105, 106);(106, 107)",2026-10-06 15:27:42+05:30,2026-10-06 15:49:41.039400+05:30,21.98399,0.9589803971321758,0.8964926,0.042454644582445
Ring,ibm_fez,22,"[16, 23, 3]","[16, 23, 3]",19,30,24,6,0.034912109375,0.0116373697916666,0.02197265625,0.0345910693868063,0.0155372198190659,0.0021012739974605,0.0121284070547809,0.0021012739974605,7.200000000000001e-07,4.080000000000001e-07,0.0001740897912404,0.000149166151377,0.0001441248643098,0.0001233673013986,"(23, 16);(16, 3);(16, 23);(16, 23);(16, 23);(3, 16)",2026-10-06 15:27:42+05:30,2026-10-06 15:49:41.039400+05:30,21.98399,0.918830881655888,0.9426537,0.047040516429780896
Ring,ibm_fez,33,"[22, 36, 21]","[22, 36, 21]",19,30,24,6,0.025634765625,0.008544921875,0.0166015625,0.0254659262718632,0.0288579018119664,0.0070611446776203,0.0256509982575541,0.0070611446776203,7.200000000000001e-07,4.080000000000001e-07,0.0001578391561818,6.854812009313689e-05,0.0001290339018945,8.35026210698998e-05,"(21, 36);(21, 22);(21, 22);(21, 22);(36, 21);(21, 22)",2026-10-06 15:27:42+05:30,2026-10-06 15:49:41.039400+05:30,21.98399,0.925579300619876,0.91089493,0.0512857638825541
Ring,ibm_fez,44,"[66, 68, 67]","[66, 68, 67]",19,30,24,6,0.052001953125,0.017333984375,0.036376953125,0.0513794006983516,0.0199678623843586,0.0025744702125149,0.015408707510591,0.0025744702125149,7.200000000000001e-07,4.080000000000001e-07,0.0001060552016433,8.50476899542351e-05,4.760447347018883e-05,1.6352652405450266e-05,"(67, 68);(67, 66);(67, 66);(67, 66);(68, 67);(67, 66)",2026-10-06 15:27:42+05:30,2026-10-06 15:49:41.039400+05:30,21.98399,0.8671409814187835,0.89401424,0.06741066063559101
Ring,ibm_fez,55,"[98, 111, 91]","[98, 111, 91]",19,30,24,6,0.024169921875,0.008056640625,0.015869140625,0.0240221817657584,0.0185722507984956,0.0028108065760269,0.0151412842886157,0.0028108065760269,7.200000000000001e-07,4.080000000000001e-07,0.0001353854959914,0.0001142883759322,5.486539540895078e-05,2.2719354533653632e-05,"(111, 98);(98, 91);(98, 111);(98, 111);(98, 111);(91, 98)",2026-10-06 15:27:42+05:30,2026-10-06 15:49:41.039400+05:30,21.98399,0.9129928722628418,0.8980744,0.0393112061636157
Ring,ibm_fez,66,"[51, 71, 58]","[51, 71, 58]",19,30,24,6,0.0478515625,0.0159505208333333,0.034423828125,0.0473482357629109,0.019629078038387,0.0026330816744751,0.0144722569084101,0.0026330816744751,7.200000000000001e-07,4.080000000000001e-07,0.0001222349837703,5.337521820736212e-05,7.621087457944157e-05,5.779061630302773e-05,"(58, 71);(58, 51);(58, 51);(58, 51);(71, 58);(58, 51)",2026-10-06 15:27:42+05:30,2026-10-06 15:49:41.039400+05:30,21.98399,0.867933042346092,0.9156234,0.0623238194084101
Ring,ibm_kingston,11,"[107, 105, 106]","[107, 105, 106]",19,30,24,6,0.06005859375,0.02001953125,0.04052734375,0.0591837768442928,0.0132271988152851,0.001589062795207,0.0095083275982087,0.001589062795207,8.240000000000001e-07,4.080000000000001e-07,0.0001332679123848,0.000119153871738,0.0001745895411177,0.0001238283855312,"(106, 105);(106, 107);(106, 107);(106, 107);(105, 106);(106, 107)",2026-10-06 15:17:52+05:30,2026-10-06 15:49:58.164836+05:30,32.10274726666667,0.9066456667205708,0.89554393,0.0695669213482087
Ring,ibm_kingston,22,"[16, 23, 3]","[16, 23, 3]",19,30,24,6,0.015625,0.0052083333333333,0.00830078125,0.0155511399789247,2.008965872664368,1.0,2.006047221946349,1.0,8.240000000000001e-07,4.080000000000001e-07,0.0002364964326651,0.0002046254773419,0.0001786527368043,7.167770135609314e-05,"(23, 16);(16, 3);(16, 23);(16, 23);(16, 23);(3, 16)",2026-10-06 15:17:52+05:30,2026-10-06 15:49:58.164836+05:30,32.10274726666667,0.961705568308397,0.93467814,2.021672221946349
Ring,ibm_kingston,33,"[22, 36, 21]","[22, 36, 21]",19,30,24,6,0.02783203125,0.00927734375,0.014404296875,0.027601956622675,0.0131247802902752,0.0017523733468737,0.0101857283301927,0.0017523733468737,8.240000000000001e-07,4.080000000000001e-07,0.0002481370348271,0.0001039696387315,0.0002390590554034,0.0001059024939915,"(21, 36);(21, 22);(21, 22);(21, 22);(36, 21);(21, 22)",2026-10-06 15:17:52+05:30,2026-10-06 15:49:58.164836+05:30,32.10274726666667,0.954081321138515,0.6251512,0.0380177595801927
Ring,ibm_kingston,44,"[66, 68, 67]","[66, 68, 67]",19,30,24,6,0.02392578125,0.0079752604166666,0.01123046875,0.0237436024472117,0.014171221883773,0.0019554952051606,0.010227211921883,0.0019554952051606,8.240000000000001e-07,4.080000000000001e-07,0.0002051412439942,0.000120604830142,0.0001871958451585,0.0001390890269835,"(67, 68);(67, 66);(67, 66);(67, 66);(68, 67);(67, 66)",2026-10-06 15:17:52+05:30,2026-10-06 15:49:58.164836+05:30,32.10274726666667,0.949813516860776,0.9255156,0.034152993171883
Ring,ibm_kingston,55,"[98, 111, 91]","[98, 111, 91]",19,30,24,6,0.02001953125,0.0066731770833333,0.011474609375,0.019903451873688,0.0138720210479553,0.002092153493156,0.01121610047286,0.002092153493156,8.240000000000001e-07,4.080000000000001e-07,0.0002920982092587,0.0002181274992871,0.0001430233166818,7.002893390204801e-05,"(111, 98);(98, 91);(98, 111);(98, 111);(98, 111);(91, 98)",2026-10-06 15:17:52+05:30,2026-10-06 15:49:58.164836+05:30,32.10274726666667,0.9139957216171184,0.9358774,0.03123563172286
Ring,ibm_kingston,66,"[51, 71, 58]","[51, 71, 58]",19,30,24,6,0.03369140625,0.01123046875,0.014404296875,0.0333379240473732,0.013849712914142,0.0022241134991985,0.0120054902090615,0.0022241134991985,8.240000000000001e-07,4.080000000000001e-07,0.0002821715100825,0.0002503158922495,0.0002051161660878,0.0001609408343565,"(58, 71);(58, 51);(58, 51);(58, 51);(71, 58);(58, 51)",2026-10-06 15:17:52+05:30,2026-10-06 15:49:58.164836+05:30,32.10274726666667,0.9423400543261504,0.8860492,0.0456968964590615
Ring,ibm_marrakesh,11,"[107, 105, 106]","[107, 105, 106]",19,30,24,6,0.0384521484375,0.0128173828125,0.026611328125,0.0381029626223607,0.0258167680343252,0.0048114957824864,0.0228272554592336,0.0048114957824864,8.759999999999999e-07,4.080000000000001e-07,0.0001658010870574,8.134980625329424e-05,0.0001369015255109,7.373527388279711e-05,"(106, 105);(106, 107);(106, 107);(106, 107);(105, 106);(106, 107)",2026-10-06 15:10:38+05:30,2026-10-06 15:50:14.630911+05:30,39.61051518333333,0.8269440706788689,0.91731185,0.0612794038967336
Ring,ibm_marrakesh,22,"[16, 23, 3]","[16, 23, 3]",19,30,24,6,0.1231689453125,0.0410563151041666,0.0625,0.1190161276608705,0.0243600369934948,0.0031621464126753,0.0171586356690522,0.0031621464126753,8.759999999999997e-07,4.080000000000001e-07,0.0001067313739445,7.424079047390799e-05,9.963042241973864e-05,8.378153930846697e-05,"(23, 16);(16, 3);(16, 23);(16, 23);(16, 23);(3, 16)",2026-10-06 15:10:38+05:30,2026-10-06 15:50:14.630911+05:30,39.61051518333333,0.8537077061325653,0.86693096,0.1403275809815522
Ring,ibm_marrakesh,33,"[22, 36, 21]","[22, 36, 21]",19,30,24,6,0.052490234375,0.0174967447916666,0.029296875,0.0517208294477313,0.022723770721879,0.0037140099057955,0.0114021395777114,0.0020823796712144,8.759999999999999e-07,4.080000000000001e-07,9.023392947354966e-05,4.326540740597798e-05,4.442244137532683e-05,1.2213740860783464e-05,"(21, 36);(21, 22);(21, 22);(21, 22);(36, 21);(21, 22)",2026-10-06 15:10:38+05:30,2026-10-06 15:50:14.630911+05:30,39.61051518333333,0.8884904763651693,0.72744656,0.0638923739527114
Ring,ibm_marrakesh,44,"[66, 68, 67]","[66, 68, 67]",19,30,24,6,0.279541015625,0.0931803385416666,0.225830078125,0.266952901652985,0.0318007974672704,0.0057559332252248,0.0209815482865701,0.0057559332252248,8.759999999999999e-07,4.080000000000001e-07,0.000193846042779,0.0001174836628491,4.9183474800226594e-05,3.212636451490623e-05,"(67, 68);(67, 66);(67, 66);(67, 66);(68, 67);(67, 66)",2026-10-06 15:10:38+05:30,2026-10-06 15:50:14.630911+05:30,39.61051518333333,0.6180404020890979,0.86725795,0.3005225639115701
Ring,ibm_marrakesh,55,"[98, 111, 91]","[98, 111, 91]",19,30,24,6,0.061767578125,0.0205891927083333,0.0521240234375,0.0612467249593464,0.0325815724630603,0.004702202477017,0.0278563575467536,0.004702202477017,8.759999999999997e-07,4.080000000000001e-07,0.0001916836554078,0.0001529825336533,0.0001464368284913,7.51143542893204e-05,"(111, 98);(98, 91);(98, 111);(98, 111);(98, 111);(91, 98)",2026-10-06 15:10:38+05:30,2026-10-06 15:50:14.630911+05:30,39.61051518333333,0.9509753187252624,0.94842726,0.0896239356717536
Ring,ibm_marrakesh,66,"[51, 71, 58]","[51, 71, 58]",19,30,24,6,0.5872802734375,0.1957600911458333,0.2581787109375,0.4827717764492263,0.0150472747169588,0.0022520272972861,0.011723014545088,0.0022520272972861,8.759999999999999e-07,4.080000000000001e-07,0.0001501219602159,0.000122999384056,0.000135613937062,2.803395108658937e-05,"(58, 71);(58, 51);(58, 51);(58, 51);(71, 58);(58, 51)",2026-10-06 15:10:38+05:30,2026-10-06 15:50:14.630911+05:30,39.61051518333333,0.8969020975110188,0.8593488,0.599003287982588
