circuit_id,backend,better_fidelity_seed,better_fidelity,better_fidelity_2q,worse_fidelity_seed,worse_fidelity,worse_fidelity_2q
9,Fez,22,0.9890323672282234,22,44,0.9883954774728618,16
8,Fez,44,0.9724422742421871,24,22,0.9665530173260503,21
9,Sherbrooke,11,0.9714970793169978,22,55,0.9156647296480616,16
8,Sherbrooke,44,0.9609433761183793,24,11,0.9556956913412175,21
6,Fez,22,0.9537332092316282,20,44,0.9511467691595039,17
3,Fez,66,0.9524500839216319,30,11,0.5151574790972263,27
2,Torino,22,0.945102255253165,63,55,0.9431746596753348,54
8,Torino,33,0.9380258553840384,24,11,0.9142743136048668,21
7,Fez,66,0.9346342184451853,57,55,0.9335657733158339,54
3,Torino,44,0.9343115258512026,33,22,0.9087045603643691,30
0,Torino,22,0.9233959308745522,57,33,0.9031303112900423,54
6,Torino,55,0.9217390487684625,20,22,0.9179770484973914,17
7,Sherbrooke,55,0.9124978377643266,57,22,0.8283565394454956,51
3,Sherbrooke,22,0.9063249593723405,30,11,0.8150905904858146,27
7,Torino,33,0.8986439028286028,51,11,0.8888779710858066,48
2,Sherbrooke,44,0.8932703502419282,66,33,0.8465997284134849,60
0,Fez,11,0.8914206219290538,57,44,0.6332932248418072,54
6,Sherbrooke,22,0.8694429516749725,20,33,0.8163204265678073,17
0,Sherbrooke,66,0.7410177597466089,60,11,0.6379366906947583,54
