esp_threshold,advantage_threshold,accuracy,average_regret,overrides
0.005,0.01,0.7,0.005852422580906783,1
0.005,0.015,0.7,0.005852422580906783,1
0.005,0.019999999999999997,0.7,0.005852422580906783,1
0.005,0.024999999999999998,0.7,0.005852422580906783,1
0.005,0.03,0.7,0.005852422580906783,1
0.005,0.034999999999999996,0.7,0.005852422580906783,1
0.005,0.039999999999999994,0.7,0.005852422580906783,1
0.01,0.01,0.7333333333333333,0.0028749727229263095,2
0.01,0.015,0.7333333333333333,0.0028749727229263095,2
0.01,0.019999999999999997,0.7333333333333333,0.0028749727229263095,2
0.01,0.024999999999999998,0.7333333333333333,0.0028749727229263095,2
0.01,0.03,0.7333333333333333,0.0028749727229263095,2
0.01,0.034999999999999996,0.7,0.005852422580906783,1
0.01,0.039999999999999994,0.7,0.005852422580906783,1
0.015,0.01,0.7333333333333333,0.0028749727229263095,2
0.015,0.015,0.7333333333333333,0.0028749727229263095,2
0.015,0.019999999999999997,0.7333333333333333,0.0028749727229263095,2
0.015,0.024999999999999998,0.7333333333333333,0.0028749727229263095,2
0.015,0.03,0.7333333333333333,0.0028749727229263095,2
0.015,0.034999999999999996,0.7,0.005852422580906783,1
0.015,0.039999999999999994,0.7,0.005852422580906783,1
0.02,0.01,0.7333333333333333,0.0028749727229263095,2
0.02,0.015,0.7333333333333333,0.0028749727229263095,2
0.02,0.019999999999999997,0.7333333333333333,0.0028749727229263095,2
0.02,0.024999999999999998,0.7333333333333333,0.0028749727229263095,2
0.02,0.03,0.7333333333333333,0.0028749727229263095,2
0.02,0.034999999999999996,0.7,0.005852422580906783,1
0.02,0.039999999999999994,0.7,0.005852422580906783,1
0.025,0.01,0.7333333333333333,0.0028749727229263095,2
0.025,0.015,0.7333333333333333,0.0028749727229263095,2
0.025,0.019999999999999997,0.7333333333333333,0.0028749727229263095,2
0.025,0.024999999999999998,0.7333333333333333,0.0028749727229263095,2
0.025,0.03,0.7333333333333333,0.0028749727229263095,2
0.025,0.034999999999999996,0.7,0.005852422580906783,1
0.025,0.039999999999999994,0.7,0.005852422580906783,1
