circuit,backend,avg_readout_corr,max_readout_corr,fidelity_spread,best,worst
Bell,Fez,-0.9287282195814881,-0.7736686836439686,0.03630346158689124,0.979951605043626,0.9436481434567348
Bell,Sherbrooke,-0.9990178560472189,-0.9858238685995517,0.18303370664092966,0.966980762308357,0.7839470556674273
Bell,Torino,-0.9934046157824586,-0.9915443784870442,0.09599100675388395,0.9413215227319898,0.8453305159781058
GHZ,Fez,-0.33582625206097955,-0.04495390493616095,0.5176411072560334,0.9713069996456936,0.4536658923896601
GHZ,Sherbrooke,-0.9716414653599168,-0.9198927748106842,0.522439479883648,0.9416138846090164,0.4191744047253683
GHZ,Torino,-0.967449530337323,-0.8928956698653601,0.7066708781689012,0.9293281630927194,0.2226572849238182
HardwareEfficient,Fez,-0.4262370729450447,-0.1681840764022833,0.0011629732675901838,0.9989660432138404,0.9978030699462502
HardwareEfficient,Sherbrooke,0.6813856396034257,0.620477380113932,0.0012478636113836261,0.9988655670903412,0.9976177034789576
HardwareEfficient,Torino,-0.43451198765413634,-0.4289622430880515,0.001525016074609975,0.9991123194313244,0.9975873033567144
QFT_like,Fez,0.8299051803113288,0.678983966971562,0.0019070115960507783,0.999268338980116,0.9973613273840652
QFT_like,Sherbrooke,-0.37121583900081084,-0.3504530284646013,0.0015279842063906646,0.9988622256765138,0.9973342414701232
QFT_like,Torino,0.6915043917771543,0.4273257852447165,0.0016202023553582023,0.9992362428948104,0.9976160405394522
Ring,Fez,-0.5375306134985385,-0.2606918787385496,0.0009340927271491717,0.9982230436802404,0.9972889509530912
Ring,Sherbrooke,-0.7343299783343581,-0.7324006141629769,0.001887128413819994,0.998620746407998,0.996733617994178
Ring,Torino,-0.21075539006661276,-0.22007059207674257,0.0012525012940911573,0.9985658697464168,0.9973133684523257
